﻿Country of Origin may be different at time of shipment.
"The HTSUS and ECCN information shown is for informational purposes only and is not a representation or warranty as to the accuracy or reliability of these classifications. All information is provided ""as is"" and is subject to change without notice. Any use made of the information provided is without recourse to Digi-Key and at the user's risk."
Index,Manufacturer Part Number,Manufacturer Name,Description,Availability,Stock Status,Attrition %,Requested Quantity 1,Pack Quantity 1,Pack Type 1,Digi-Key Part Number 1,Unit Price 1,Extended Price 1,Minimum Order Quantity 1,Customer Reference,Requested Part Number,Lead Weeks,Datasheet,Reference Designator,US Import Tariff,Note,Part Status,RoHS Status,ECCN,HTSUS,Country of Origin,Environmental Information,Original Part numbers,Image
1,CC0603KRNPO9BN220,YAGEO,CAP CER 22PF 50V C0G/NPO 0603,"2,636",In Stock,,2,2,Cut Tape (CT),311-4030-1-ND,0.10000,$0.20,1,,311-4030-1-ND,20,https://www.yageo.com/upload/media/product/productsearch/datasheet/mlcc/UPY-GP_NP0_16V-to-50V_18.pdf,,-,,Active,ROHS3 Compliant,EAR99,8532.24.0020,Taiwan,,311-4030-1-ND,//media.digikey.com/Renders/Yageo%20Renders/0603%289mmthickness%29.jpg
2,CL10B102KB8WPJC,Samsung Electro-Mechanics,CAP CER 1NF 50V X7R 0603,"32,417",In Stock,,5,5,Cut Tape (CT),1276-CL10B102KB8WPJCCT-ND,0.11000,$0.55,1,,1276-CL10B102KB8WPJCCT-ND,28,https://www.samsungsem.com/error500.html,,-,,Active,ROHS3 Compliant,EAR99,8532.24.0020,South Korea,,1276-CL10B102KB8WPJCCT-ND,//media.digikey.com/Renders/Samsung%20Electro-Mechanics%20America/Ceramic-Capacitor-CL-Series.jpg
3,CL10B103KB8WPJC,Samsung Electro-Mechanics,CAP CER 10NF 50V X7R 0603,"24,245",In Stock,,1,1,Cut Tape (CT),1276-CL10B103KB8WPJCCT-ND,0.11000,$0.11,1,,1276-CL10B103KB8WPJCCT-ND,28,//media.digikey.com/pdf/Data%20Sheets/Samsung%20PDFs/CL10B103KB8WPJ_CharSheet.pdf,,-,,Active,ROHS3 Compliant,EAR99,8532.24.0020,South Korea,,1276-CL10B103KB8WPJCCT-ND,//media.digikey.com/Renders/Samsung%20Electro-Mechanics%20America/Ceramic-Capacitor-CL-Series.jpg
4,CC0603KRX7R9BB104,YAGEO,CAP CER 0.1UF 50V X7R 0603,"1,158,033",In Stock,,6,6,Cut Tape (CT),311-1344-1-ND,0.10000,$0.60,1,,311-1344-1-ND,20,https://www.yageo.com/upload/media/product/productsearch/datasheet/mlcc/UPY-GPHC_X7R_6.3V-to-50V_20.pdf,,-,,Active,ROHS3 Compliant,EAR99,8532.24.0020,Taiwan,,311-1344-1-ND,//media.digikey.com/Renders/Yageo%20Renders/0603%289mmthickness%29.jpg
5,CL10B105KP8NNNC,Samsung Electro-Mechanics,CAP CER 1UF 10V X7R 0603,"172,345",In Stock,,1,1,Cut Tape (CT),1276-1946-1-ND,0.10000,$0.10,1,,1276-1946-1-ND,28,http://www.samsungsem.com/kr/support/product-search/mlcc/CL10B105KP8NNNC.jsp,,-,,Active,ROHS3 Compliant,EAR99,8532.24.0020,China,https://www.samsungsem.com/files/fileDown.do?key=ed1dfdfa-645e-4252-b707-17f9b1502dd1,1276-1946-1-ND,//media.digikey.com/Renders/Samsung%20Electro-Mechanics%20America/Ceramic-Capacitor-CL-Series.jpg
6,CL10A475KQ8NNWC,Samsung Electro-Mechanics,CAP CER 4.7UF 6.3V X5R 0603,"229,448",In Stock,,1,1,Cut Tape (CT),1276-1902-1-ND,0.10000,$0.10,1,,1276-1902-1-ND,28,http://www.samsungsem.com/kr/support/product-search/mlcc/CL10A475KQ8NNWC.jsp,,-,,Active,ROHS3 Compliant,EAR99,8532.24.0020,Philippines,https://www.samsungsem.com/files/fileDown.do?key=ed1dfdfa-645e-4252-b707-17f9b1502dd1,1276-1902-1-ND,//media.digikey.com/Renders/Samsung%20Electro-Mechanics%20America/Ceramic-Capacitor-CL-Series.jpg
7,C0805C106K3PAC7800,KEMET,CAP CER 10UF 25V X5R 0805,"69,501",In Stock,,5,5,Cut Tape (CT),399-11939-1-ND,0.28000,$1.40,1,,399-11939-1-ND,14,https://api.kemet.com/component-edge/download/datasheet/C0805C106K3PAC7800.pdf,,-,,Active,ROHS3 Compliant,EAR99,8532.24.0020,Malaysia,,399-11939-1-ND,"//media.digikey.com/Renders/Kemet%20Renders/0805-(2012-Metric)-2,00x1,20x1,00mm.jpg"
8,BZX84C4V3-7-F,Diodes Incorporated,DIODE ZENER 4.3V 300MW SOT23-3,"37,407",In Stock,,1,1,Cut Tape (CT),BZX84C4V3-FDICT-ND,0.17000,$0.17,1,,BZX84C4V3-FDICT-ND,47,https://www.diodes.com/assets/Datasheets/ds18001.pdf,,May apply on shipments to the U.S.,,Active,ROHS3 Compliant,EAR99,8541.10.0050,China,https://www.diodes.com/assets/Quality-Reliability-Docs/Master_CofC.pdf,BZX84C4V3-FDICT-ND,//media.digikey.com/Renders/Diodes%20Renders/SOT-23-3%20PKG.jpg
9,CDBHD240-G,Comchip Technology,BRIDGE RECT 1P 40V 2A MINI-DIP,"31,810",In Stock,,4,4,Cut Tape (CT),641-1213-1-ND,1.40000,$5.60,1,,641-1213-1-ND,32,https://www.comchiptech.com/admin/files/product/CDBHD240-G%20Thru.%20CDBHD2100-G%20%20%20%20%20RevC.PDF,,-,,Active,ROHS3 Compliant,EAR99,8541.10.0080,Taiwan,https://www.comchiptech.com/admin/files/tech/213_20201006093628.pdf,641-1213-1-ND,//media.digikey.com/photos/Comchip%20Tech%20Photos/MFG-%20641-TO-269AA.jpg
10,SDA006-7,Diodes Incorporated,BRIDGE RECT 3P 75V 215MA SOT363,"2,292",In Stock,,1,1,Cut Tape (CT),SDA006-7DICT-ND,0.62000,$0.62,1,,SDA006-7DICT-ND,53,https://www.diodes.com/assets/Datasheets/ds30559.pdf,,May apply on shipments to the U.S.,,Active,ROHS3 Compliant,EAR99,8541.10.0070,China,https://www.diodes.com/assets/Quality-Reliability-Docs/Master_CofC.pdf,SDA006-7DICT-ND,//media.digikey.com/Renders/~~Pkg.Case%20or%20Series/SOT-363%20PKG.jpg
11,NR3015T2R2M,Taiyo Yuden,FIXED IND 2.2UH 1.5A 72 MOHM SMD,"213,502",In Stock,,1,1,Cut Tape (CT),587-1648-1-ND,0.40000,$0.40,1,,587-1648-1-ND,33,https://www.yuden.co.jp/productdata/catalog/wound04_e.pdf,,-,,Active,ROHS3 Compliant,EAR99,8504.50.4000,Philippines,,587-1648-1-ND,//media.digikey.com/photos/Taiyo%20Yuden%20Photos/NR3015%20SERIES.jpg
12,744031220,Würth Elektronik,FIXED IND 22UH 510MA 450MOHM SMD,"10,808",In Stock,,1,1,Cut Tape (CT),732-1012-1-ND,1.48000,$1.48,1,,732-1012-1-ND,30,https://www.we-online.de/katalog/datasheet/744031220.pdf,,May apply on shipments to the U.S.,,Active,ROHS3 Compliant,EAR99,8504.50.4000,China,https://media.digikey.com/pdf/Other%20Related%20Documents/Wurth/Certificate_of_Compliance_ROHS.pdf,732-1012-1-ND,//media.digikey.com/Photos/Wurth%20Electronics%20Photos/7440310047.jpg
13,1735446-3,TE Connectivity AMP Connectors,CONN HEADER VERT 3POS 2MM,"15,639",In Stock,,1,1,Bag,A100097-ND,0.12000,$0.12,1,,A100097-ND,17,https://www.te.com/commerce/DocumentDelivery/DDEController?Action=srchrtrv&DocNm=1735446&DocType=Customer+Drawing&DocLang=English,,May apply on shipments to the U.S.,,Active,RoHS Compliant,EAR99,8536.69.4040,China,http://www.te.com/commerce/alt/SinglePartSearch.do?PN=1735446-3&dest=stmt,A100097-ND,//media.digikey.com/Photos/Tyco%20Amp%20Photos/1735446-3.jpg
14,AC0805JR-070RL,YAGEO,RES SMD 0 OHM JUMPER 1/8W 0805,"12,493",In Stock,,10,10,Cut Tape (CT),YAG3755CT-ND,0.03700,$0.37,1,,YAG3755CT-ND,20,https://www.yageo.com/upload/media/product/productsearch/datasheet/rchip/PYu-AC_51_RoHS_L_7.pdf,,-,,Active,ROHS3 Compliant,EAR99,8533.21.0030,Taiwan,,YAG3755CT-ND,//media.digikey.com/Renders/Yageo%20Renders/CRSM%20PT0805.jpg
15,RMCF0603JT47K0,Stackpole Electronics Inc,RES 47K OHM 5% 1/10W 0603,"2,116,117",In Stock,,1,1,Cut Tape (CT),RMCF0603JT47K0CT-ND,0.10000,$0.10,1,,RMCF0603JT47K0CT-ND,22,https://www.seielect.com/catalog/sei-rmcf_rmcp.pdf,,May apply on shipments to the U.S.,,Active,ROHS3 Compliant,EAR99,8533.21.0030,Taiwan,https://www.seielect.com/catalog/cert-of-compliance.pdf|https://www.seielect.com/catalog/SEI-RoHS_Compliance_Status.pdf|https://www.seielect.com/catalog/reach.pdf,RMCF0603JT47K0CT-ND,//media.digikey.com/Renders/Stackpole%20Renders/0603.jpg
16,RMCF0603FT180K,Stackpole Electronics Inc,RES 180K OHM 1% 1/10W 0603,"162,548",In Stock,,1,1,Cut Tape (CT),RMCF0603FT180KCT-ND,0.10000,$0.10,1,,RMCF0603FT180KCT-ND,22,https://www.seielect.com/catalog/sei-rmcf_rmcp.pdf,,-,,Active,ROHS3 Compliant,EAR99,8533.21.0030,Taiwan,https://www.seielect.com/catalog/cert-of-compliance.pdf|https://www.seielect.com/catalog/SEI-RoHS_Compliance_Status.pdf|https://www.seielect.com/catalog/reach.pdf,RMCF0603FT180KCT-ND,//media.digikey.com/Renders/Stackpole%20Renders/0603.jpg
17,RMCF0603FT390K,Stackpole Electronics Inc,RES 390K OHM 1% 1/10W 0603,"79,771",In Stock,,1,1,Cut Tape (CT),RMCF0603FT390KCT-ND,0.10000,$0.10,1,,RMCF0603FT390KCT-ND,22,https://www.seielect.com/catalog/sei-rmcf_rmcp.pdf,,-,,Active,ROHS3 Compliant,EAR99,8533.21.0030,Taiwan,https://www.seielect.com/catalog/cert-of-compliance.pdf|https://www.seielect.com/catalog/SEI-RoHS_Compliance_Status.pdf|https://www.seielect.com/catalog/reach.pdf,RMCF0603FT390KCT-ND,//media.digikey.com/Renders/Stackpole%20Renders/0603.jpg
18,SFR03EZPF1004,Rohm Semiconductor,RES 1 MOHM 1% 1/10W 0603,"9,631",In Stock,,7,7,Cut Tape (CT),511-1820-1-ND,0.10000,$0.70,1,,511-1820-1-ND,8,https://d1d2qsbl8m0m72.cloudfront.net/en/products/databook/datasheet/passive/resistor/chip_resistor/sfr-e.pdf,,-,,Active,ROHS3 Compliant,EAR99,8533.21.0030,Philippines,,511-1820-1-ND,//media.digikey.com/Renders/Rohm%20Renders/SFR-Chip-Resistors.jpg
19,RMCF0603FT1M40,Stackpole Electronics Inc,RES 1.4M OHM 1% 1/10W 0603,"29,749",In Stock,,1,1,Cut Tape (CT),RMCF0603FT1M40CT-ND,0.10000,$0.10,1,,RMCF0603FT1M40CT-ND,22,https://www.seielect.com/catalog/sei-rmcf_rmcp.pdf,,May apply on shipments to the U.S.,,Active,ROHS3 Compliant,EAR99,8533.21.0030,China,https://www.seielect.com/catalog/cert-of-compliance.pdf|https://www.seielect.com/catalog/SEI-RoHS_Compliance_Status.pdf|https://www.seielect.com/catalog/reach.pdf,RMCF0603FT1M40CT-ND,//media.digikey.com/Renders/Stackpole%20Renders/0603.jpg
20,CRCW06031M69FKEA,Vishay Dale,RES SMD 1.69M OHM 1% 1/10W 0603,411,In Stock,,1,1,Cut Tape (CT),541-1.69MHCT-ND,0.10000,$0.10,1,,541-1.69MHCT-ND,53,https://www.vishay.com/docs/20035/dcrcwe3.pdf,,-,,Active,ROHS3 Compliant,EAR99,8533.21.0030,Israel,,541-1.69MHCT-ND,//media.digikey.com/Renders/Vishay%20Dale%20Renders/CRCW%200603%20%281608metric%29.jpg
21,RMCF0603FT4M53,Stackpole Electronics Inc,RES 4.53M OHM 1% 1/10W 0603,"6,130",In Stock,,1,1,Cut Tape (CT),RMCF0603FT4M53CT-ND,0.10000,$0.10,1,,RMCF0603FT4M53CT-ND,22,https://www.seielect.com/catalog/sei-rmcf_rmcp.pdf,,May apply on shipments to the U.S.,,Active,ROHS3 Compliant,EAR99,8533.21.0030,China,https://www.seielect.com/catalog/cert-of-compliance.pdf|https://www.seielect.com/catalog/SEI-RoHS_Compliance_Status.pdf|https://www.seielect.com/catalog/reach.pdf,RMCF0603FT4M53CT-ND,//media.digikey.com/Renders/Stackpole%20Renders/0603.jpg
22,RMCF0603FT5M62,Stackpole Electronics Inc,RES 5.62M OHM 1% 1/10W 0603,"10,554",In Stock,,1,1,Cut Tape (CT),RMCF0603FT5M62CT-ND,0.10000,$0.10,1,,RMCF0603FT5M62CT-ND,22,https://www.seielect.com/catalog/sei-rmcf_rmcp.pdf,,May apply on shipments to the U.S.,,Active,ROHS3 Compliant,EAR99,8533.21.0030,China,https://www.seielect.com/catalog/cert-of-compliance.pdf|https://www.seielect.com/catalog/SEI-RoHS_Compliance_Status.pdf|https://www.seielect.com/catalog/reach.pdf,RMCF0603FT5M62CT-ND,//media.digikey.com/Renders/Stackpole%20Renders/0603.jpg
23,RMCF0603FT6M98,Stackpole Electronics Inc,RES 6.98M OHM 1% 1/10W 0603,"5,000",In Stock,,1,1,Cut Tape (CT),RMCF0603FT6M98CT-ND,0.10000,$0.10,1,,RMCF0603FT6M98CT-ND,22,https://www.seielect.com/catalog/sei-rmcf_rmcp.pdf,,May apply on shipments to the U.S.,,Active,ROHS3 Compliant,EAR99,8533.21.0030,China,https://www.seielect.com/catalog/cert-of-compliance.pdf|https://www.seielect.com/catalog/SEI-RoHS_Compliance_Status.pdf|https://www.seielect.com/catalog/reach.pdf,RMCF0603FT6M98CT-ND,//media.digikey.com/Renders/Stackpole%20Renders/0603.jpg
24,CRCW06039M76FKEA,Vishay Dale,RES SMD 9.76M OHM 1% 1/10W 0603,437,In Stock,,1,1,Cut Tape (CT),541-9.76MHCT-ND,0.10000,$0.10,1,,541-9.76MHCT-ND,53,https://www.vishay.com/docs/20035/dcrcwe3.pdf,,-,,Active,ROHS3 Compliant,EAR99,8533.21.0030,Israel,,541-9.76MHCT-ND,//media.digikey.com/Renders/Vishay%20Dale%20Renders/CRCW%200603%20%281608metric%29.jpg
25,RCS060310M0FKEA,Vishay Dale,RES SMD 10M OHM 1% 1/4W 0603,"5,364",In Stock,,2,2,Cut Tape (CT),541-2804-1-ND,0.15000,$0.30,1,,541-2804-1-ND,53,https://www.vishay.com/docs/20065/rcse3.pdf,,-,,Active,ROHS3 Compliant,EAR99,8533.21.0030,Israel,,541-2804-1-ND,//media.digikey.com/Renders/Vishay%20Dale%20Renders/RCS-SERIES_0603-(1608-Metric).jpg
26,RT1105AF160Q,E-Switch,SWITCH TACT OFF-(ON) 0.05A 12V,"4,025",In Stock,,4,4,Bulk,EG5982-ND,0.37000,$1.48,1,,EG5982-ND,14,//media.digikey.com/pdf/Data%20Sheets/E-Switch%20PDFs/RT1105_Series_DS.pdf,,May apply on shipments to the U.S.,,Active,ROHS3 Compliant,EAR99,8536.50.9031,China,https://sten-eswitch-13110800-production.s3.amazonaws.com/system/asset/document/274/original/RoHS.pdf,CH721-ND;EG5982-ND,//media.digikey.com/Photos/E-Switch%20Photos/RT1105AF160Q.JPG
27,FSMSM,TE Connectivity ALCOSWITCH Switches,SWITCH TACTILE SPST-NO 0.05A 24V,"2,030",In Stock,,1,1,Bulk,450-1140-ND,0.30000,$0.30,1,,450-1140-ND,13,https://www.te.com/commerce/DocumentDelivery/DDEController?Action=srchrtrv&DocNm=1437566-3&DocType=Customer+Drawing&DocLang=English,,May apply on shipments to the U.S.,,Active,ROHS3 Compliant,EAR99,8536.50.9031,China,http://www.te.com/commerce/alt/SinglePartSearch.do?PN=FSMSM&dest=stmt,450-1140-ND,//media.digikey.com/photos/Tyco%20Alcoswitch%20Photos/FSMSM.jpg
28,MSP430FR5994IPMR,Texas Instruments,IC MCU 16BIT 256KB FRAM 64LQFP,5,In Stock,,1,1,Cut Tape (CT),296-45560-1-ND,9.79000,$9.79,1,,296-45560-1-ND,35,https://www.ti.com/general/docs/suppproductinfo.tsp?distId=10&gotoUrl=https%3A%2F%2Fwww.ti.com%2Flit%2Fgpn%2Fmsp430fr5994,,-,,Active,ROHS3 Compliant,5A992C,8542.31.0001,Philippines,,296-45560-1-ND,//media.digikey.com/Renders/Texas%20Instr%20Renders/64-LQFP-PM.jpg
29,SN74HCS32PWR,Texas Instruments,IC GATE OR 4CH 2IN 14TSSOP,"7,601",In Stock,,1,1,Cut Tape (CT),296-SN74HCS32PWRCT-ND,0.37000,$0.37,1,,296-SN74HCS32PWRCT-ND,6,https://www.ti.com/general/docs/suppproductinfo.tsp?distId=10&gotoUrl=https%3A%2F%2Fwww.ti.com%2Flit%2Fgpn%2FSN74HCS32,,May apply on shipments to the U.S.,,Active,ROHS3 Compliant,EAR99,8542.39.0001,Malaysia,,296-SN74HCS32PWRCT-ND,//media.digikey.com/Renders/Texas%20Instr%20Renders/296~4040064-3~PW~14.jpg
30,ECS-.327-12.5-34R-C-TR,ECS Inc.,CRYSTAL 32.7680KHZ 12.5PF SMD,"1,846",In Stock,,1,1,Cut Tape (CT),XC2127CT-ND,0.86000,$0.86,1,,XC2127CT-ND,53,http://www.ecsxtal.com/store/pdf/ECX_34R.pdf,,May apply on shipments to the U.S.,,Active,ROHS3 Compliant,EAR99,8541.60.0010,China,,XC2127CT-ND,//media.digikey.com/Renders/ECS%20Renders/ECX-34R.jpg
